,permno,hsiccd
0,10006,Electronic and Transportation Equipment Manufacturing
15843,10030,Metal and Machinery Manufacturing
27770,10049,Wood and Paper Manufacturing
29780,10057,Metal and Machinery Manufacturing
48659,10078,Metal and Machinery Manufacturing
54687,10102,Chemical and Allied Manufacturing
68975,10104,Business Services
78503,10107,Business Services
88030,10108,Business Services
92930,10137,Utilities
115497,10138,"Finance, Insurance, and Real Estate"
122314,10145,Electronic and Transportation Equipment Manufacturing
150810,10147,Metal and Machinery Manufacturing
154110,10153,Metal and Machinery Manufacturing
175444,10161,Mining
193659,10196,Utilities
205363,10209,Chemical and Allied Manufacturing
216012,10225,Metal and Machinery Manufacturing
239377,10233,Communications
255602,10241,Metal and Machinery Manufacturing
272574,10276,Food and Tobacco Manufacturing
285547,10292,Food and Tobacco Manufacturing
295931,10299,Electronic and Transportation Equipment Manufacturing
303693,10321,Electronic and Transportation Equipment Manufacturing
320319,10324,Chemical and Allied Manufacturing
326586,10353,Metal and Machinery Manufacturing
334100,10364,Metal and Machinery Manufacturing
353832,10372,Metal and Machinery Manufacturing
370688,10401,Communications
391930,10436,Metal and Machinery Manufacturing
404481,10452,Textile and Apparel Manufacturing
412950,10479,Food and Tobacco Manufacturing
428695,10487,Metal and Machinery Manufacturing
445023,10495,Metal and Machinery Manufacturing
458980,10516,Food and Tobacco Manufacturing
478975,10524,Food and Tobacco Manufacturing
497210,10559,Retail Trade
513625,10562,"Finance, Insurance, and Real Estate"
519292,10575,Transportation
531310,10591,Transportation
542889,10604,Chemical and Allied Manufacturing
562725,10623,"Finance, Insurance, and Real Estate"
568040,10693,Health and Social Services
577432,10696,Business Services
586823,10725,"Finance, Insurance, and Real Estate"
591013,10727,Food and Tobacco Manufacturing
606332,10735,Chemical and Allied Manufacturing
618045,10751,Electronic and Transportation Equipment Manufacturing
633531,10778,Chemical and Allied Manufacturing
642907,10786,Metal and Machinery Manufacturing
663280,10791,Metal and Machinery Manufacturing
668080,10807,Metal and Machinery Manufacturing
679231,10823,Utilities
698591,10831,Utilities
700128,10866,Retail Trade
700130,10858,Transportation
731311,10874,Metal and Machinery Manufacturing
757110,10890,Business Services
782909,10909,Business Services
791857,10942,Electronic and Transportation Equipment Manufacturing
798447,10970,"Finance, Insurance, and Real Estate"
813175,10989,Food and Tobacco Manufacturing
833129,11033,Metal and Machinery Manufacturing
844915,11041,Transportation
846064,11042,Communications
869268,11068,Metal and Machinery Manufacturing
881598,11081,Metal and Machinery Manufacturing
887990,11092,Mining
901724,11148,Transportation
913713,11156,Transportation
928632,11164,Metal and Machinery Manufacturing
945107,11199,Transportation
949494,11260,Electronic and Transportation Equipment Manufacturing
968971,11287,Electronic and Transportation Equipment Manufacturing
982888,11295,Textile and Apparel Manufacturing
999121,11308,Food and Tobacco Manufacturing
1024920,11332,Metal and Machinery Manufacturing
1041761,11340,Mining
1061735,11359,Chemical and Allied Manufacturing
1071950,11367,"Finance, Insurance, and Real Estate"
1083802,11375,Electronic and Transportation Equipment Manufacturing
1095679,11391,Food and Tobacco Manufacturing
1107391,11404,Utilities
1107393,11403,Business Services
1142403,11415,Chemical and Allied Manufacturing
1147834,11439,Mining
1159216,11447,Metal and Machinery Manufacturing
1175147,11471,Mining
1190295,11527,Metal and Machinery Manufacturing
1202182,11533,Business Services
1211366,11543,Food and Tobacco Manufacturing
1223946,11552,Chemical and Allied Manufacturing
1232093,11600,Electronic and Transportation Equipment Manufacturing
1241262,11607,Electronic and Transportation Equipment Manufacturing
1262574,11618,Retail Trade
1271737,11626,Communications
1273527,11658,Food and Tobacco Manufacturing
1288004,11666,Transportation
1297896,11674,Utilities
1323695,11682,Electronic and Transportation Equipment Manufacturing
1324465,11690,Mining
1341096,11703,Chemical and Allied Manufacturing
1365303,11746,Electronic and Transportation Equipment Manufacturing
1378663,11754,Electronic and Transportation Equipment Manufacturing
1401455,11762,Business Services
1427254,11770,Electronic and Transportation Equipment Manufacturing
1437801,11786,"Finance, Insurance, and Real Estate"
1442441,11789,Utilities
1453674,11826,Metal and Machinery Manufacturing
1465973,11834,Transportation
1477740,11850,Chemical and Allied Manufacturing
1503539,11896,Electronic and Transportation Equipment Manufacturing
1503655,11891,Personal Services
1520967,11949,Retail Trade
1534190,11955,Utilities
1543154,11970,Electronic and Transportation Equipment Manufacturing
1547836,11981,Mining
1547844,11976,Business Services
1569183,11983,Chemical and Allied Manufacturing
1574396,11997,Communications
1578410,12044,Food and Tobacco Manufacturing
1597583,12052,Electronic and Transportation Equipment Manufacturing
1623359,12060,Metal and Machinery Manufacturing
1649158,12062,Health and Social Services
1658099,12067,Metal and Machinery Manufacturing
1661145,12079,Electronic and Transportation Equipment Manufacturing
1662126,12095,Electronic and Transportation Equipment Manufacturing
1664115,12073,"Finance, Insurance, and Real Estate"
1672619,12076,Retail Trade
1698598,12084,Nonclassifiable Establishments
1721410,12124,Retail Trade
1734567,12140,Electronic and Transportation Equipment Manufacturing
1757491,12167,Retail Trade
1771584,12183,Transportation
1783805,12191,Food and Tobacco Manufacturing
1795519,12212,Food and Tobacco Manufacturing
1805443,12220,Transportation
1818285,12298,Business Services
1829806,12308,Communications
1833153,12319,Mining
1853405,12343,Metal and Machinery Manufacturing
1867000,12345,Wholesale Trade
1870325,12369,Electronic and Transportation Equipment Manufacturing
1873625,12394,Transportation
1884479,12431,Electronic and Transportation Equipment Manufacturing
1910278,12458,Metal and Machinery Manufacturing
1910281,12448,"Finance, Insurance, and Real Estate"
1913398,12449,Business Services
1916680,12456,Electronic and Transportation Equipment Manufacturing
1938747,12466,Mining
1953094,12474,Transportation
1957492,12476,Mining
1960780,12490,Metal and Machinery Manufacturing
1986579,12503,Electronic and Transportation Equipment Manufacturing
2011749,12511,Electronic and Transportation Equipment Manufacturing
2031712,12542,Business Services
2034198,12546,Mining
2056152,12558,Utilities
2058998,12570,Metal and Machinery Manufacturing
2085193,12618,Metal and Machinery Manufacturing
2094251,12622,Health and Social Services
2097475,12623,Electronic and Transportation Equipment Manufacturing
2100684,12626,Retail Trade
2116626,12650,Transportation
2141853,12669,Textile and Apparel Manufacturing
2155558,12706,Metal and Machinery Manufacturing
2170623,12730,Food and Tobacco Manufacturing
2170628,12757,Retail Trade
2185529,12749,Retail Trade
2216905,12781,Wood and Paper Manufacturing
2242704,12810,Transportation
2253240,12837,Food and Tobacco Manufacturing
2268099,12888,Metal and Machinery Manufacturing
2268102,12872,Chemical and Allied Manufacturing
2289563,12896,Food and Tobacco Manufacturing
2289565,12909,Transportation
2314026,12933,Food and Tobacco Manufacturing
2332055,12941,Electronic and Transportation Equipment Manufacturing
2343677,12976,Retail Trade
2360035,12981,Metal and Machinery Manufacturing
2363115,13004,Food and Tobacco Manufacturing
2373092,13012,Textile and Apparel Manufacturing
2389888,13035,Metal and Machinery Manufacturing
2392948,13056,Wood and Paper Manufacturing
2397420,13063,Retail Trade
2417026,13100,Retail Trade
2438210,13103,Electronic and Transportation Equipment Manufacturing
2441258,13119,Electronic and Transportation Equipment Manufacturing
2462590,13135,Mining
2479586,13143,Personal Services
2479595,13141,Mining
2481863,13142,"Finance, Insurance, and Real Estate"
2493303,13151,Mining
2511008,13168,Nonclassifiable Establishments
2514033,13207,Transportation
2525804,13210,Business Services
2528797,13274,Electronic and Transportation Equipment Manufacturing
2539505,13290,Textile and Apparel Manufacturing
2539533,13303,Electronic and Transportation Equipment Manufacturing
2585201,13311,Food and Tobacco Manufacturing
2600287,13354,Food and Tobacco Manufacturing
2600289,13323,Nonclassifiable Establishments
2621427,13356,Chemical and Allied Manufacturing
2621476,13362,Utilities
2631961,13370,Retail Trade
2647191,13389,Metal and Machinery Manufacturing
2656461,13434,Transportation
2656467,13407,Business Services
2671110,13442,Transportation
2682007,13447,Business Services
2684901,13511,Business Services
2687781,13522,Transportation
2703097,13549,Utilities
2711541,13565,Food and Tobacco Manufacturing
2724056,13567,Business Services
2724144,13573,Transportation
2737177,13610,Chemical and Allied Manufacturing
2737182,13586,Metal and Machinery Manufacturing
2740012,13598,Nonclassifiable Establishments
2740703,13637,Metal and Machinery Manufacturing
2780323,13641,Nonclassifiable Establishments
2783144,13696,Communications
2783155,13661,Metal and Machinery Manufacturing
2799760,13688,Utilities
2840765,13721,Chemical and Allied Manufacturing
2843533,13792,Transportation
2843621,13760,"Finance, Insurance, and Real Estate"
2846664,13805,Food and Tobacco Manufacturing
2846670,13788,Chemical and Allied Manufacturing
2874502,13821,Utilities
2896057,13856,Food and Tobacco Manufacturing
2896062,13864,Transportation
2928230,13901,Food and Tobacco Manufacturing
2954029,13928,Mining
2954032,13936,Textile and Apparel Manufacturing
2954047,13911,Business Services
3008307,13949,Nonclassifiable Establishments
3010953,13963,Nonclassifiable Establishments
3013597,13964,Nonclassifiable Establishments
3016241,13983,Chemical and Allied Manufacturing
3018897,14008,Chemical and Allied Manufacturing
3029115,14011,Chemical and Allied Manufacturing
3030949,14058,Utilities
3030950,14066,Electronic and Transportation Equipment Manufacturing
3047387,14154,Electronic and Transportation Equipment Manufacturing
3052617,14090,Electronic and Transportation Equipment Manufacturing
3089114,14189,Metal and Machinery Manufacturing
3104958,14218,Food and Tobacco Manufacturing
3122022,14250,Mining
3137129,14277,Retail Trade
3162928,14295,Business Services
3165187,14297,Business Services
3167724,14314,Chemical and Allied Manufacturing
3167727,14322,Retail Trade
3167730,14323,Metal and Machinery Manufacturing
3205037,14338,Personal Services
3207566,14357,Chemical and Allied Manufacturing
3223647,14402,Wood and Paper Manufacturing
3238104,14429,Chemical and Allied Manufacturing
3250076,14461,Personal Services
3272877,14488,Food and Tobacco Manufacturing
3272888,14496,Transportation
3272891,14509,Transportation
3315493,14525,Metal and Machinery Manufacturing
3331895,14533,Food and Tobacco Manufacturing
3331909,14541,Chemical and Allied Manufacturing
3372780,14542,Business Services
3375233,14568,Utilities
3380737,14579,Business Services
3383182,14592,Chemical and Allied Manufacturing
3383186,14593,Metal and Machinery Manufacturing
3400601,14605,Electronic and Transportation Equipment Manufacturing
3410825,14601,Nonclassifiable Establishments
3429957,14613,Electronic and Transportation Equipment Manufacturing
3441637,14656,Chemical and Allied Manufacturing
3441647,14664,Food and Tobacco Manufacturing
3441659,14699,Metal and Machinery Manufacturing
3487701,14702,Metal and Machinery Manufacturing
3498125,14736,Chemical and Allied Manufacturing
3500574,14704,Business Services
3502511,14714,Metal and Machinery Manufacturing
3504311,14728,Chemical and Allied Manufacturing
3535683,14760,Mining
3550828,14763,Chemical and Allied Manufacturing
3553199,14779,Mining
3553200,14776,"Finance, Insurance, and Real Estate"
3566233,14795,Metal and Machinery Manufacturing
3592032,14816,Food and Tobacco Manufacturing
3617831,14832,Textile and Apparel Manufacturing
3627732,14859,Business Services
3627741,14867,Metal and Machinery Manufacturing
3657562,14875,Metal and Machinery Manufacturing
3657566,14883,Wood and Paper Manufacturing
3668127,14882,Nonclassifiable Establishments
3690049,14891,Mining
3690054,14889,"Finance, Insurance, and Real Estate"
3713553,14904,Transportation
3713558,14912,Metal and Machinery Manufacturing
3742265,14939,Electronic and Transportation Equipment Manufacturing
3744570,14955,Wholesale Trade
3764885,15042,Transportation
3776822,15069,Mining
3778577,15077,Food and Tobacco Manufacturing
3824648,15085,Metal and Machinery Manufacturing
3834918,15149,Metal and Machinery Manufacturing
3834923,15157,Textile and Apparel Manufacturing
3834930,15165,Chemical and Allied Manufacturing
3869057,15202,Mining
3894856,15237,Metal and Machinery Manufacturing
3907543,15317,Transportation
3907561,15272,Nonclassifiable Establishments
3909768,15291,Nonclassifiable Establishments
3927491,15325,Communications
3945553,15341,Electronic and Transportation Equipment Manufacturing
3957366,15368,Communications
3977213,15401,Chemical and Allied Manufacturing
3977446,15404,Utilities
3977698,15408,Nonclassifiable Establishments
3979836,15448,Food and Tobacco Manufacturing
3991405,15456,Retail Trade
4017204,15464,Metal and Machinery Manufacturing
4028884,15472,Food and Tobacco Manufacturing
4028919,15480,Metal and Machinery Manufacturing
4061506,15499,Metal and Machinery Manufacturing
4061507,15528,Chemical and Allied Manufacturing
4061511,15488,Nonclassifiable Establishments
4089201,15536,Mining
4100890,15544,Retail Trade
4100906,15553,Utilities
4114797,15560,Retail Trade
4149066,15579,Electronic and Transportation Equipment Manufacturing
4174904,15659,Chemical and Allied Manufacturing
4194895,15667,Chemical and Allied Manufacturing
4217021,15704,Utilities
4224975,15707,Business Services
4224985,15712,Textile and Apparel Manufacturing
4243392,15720,Utilities
4243398,15719,"Finance, Insurance, and Real Estate"
4271117,15747,Metal and Machinery Manufacturing
4290510,15763,Electronic and Transportation Equipment Manufacturing
4306512,15797,Business Services
4307101,15819,Food and Tobacco Manufacturing
4318773,15835,Food and Tobacco Manufacturing
4330401,15843,Food and Tobacco Manufacturing
4346612,15850,Nonclassifiable Establishments
4348653,15915,Metal and Machinery Manufacturing
4364655,15966,Chemical and Allied Manufacturing
4384114,15974,Electronic and Transportation Equipment Manufacturing
4402024,15980,Textile and Apparel Manufacturing
4403970,16029,Wood and Paper Manufacturing
4419415,16044,Chemical and Allied Manufacturing
4421335,16088,Electronic and Transportation Equipment Manufacturing
4421350,16087,Electronic and Transportation Equipment Manufacturing
4439160,16109,Food and Tobacco Manufacturing
4455343,16176,Utilities
4456063,16205,Chemical and Allied Manufacturing
4467297,16256,Wood and Paper Manufacturing
4478044,16267,Electronic and Transportation Equipment Manufacturing
4478625,16280,Electronic and Transportation Equipment Manufacturing
4478630,16276,Chemical and Allied Manufacturing
4480453,16279,Chemical and Allied Manufacturing
4494354,16336,Electronic and Transportation Equipment Manufacturing
4509305,16344,Metal and Machinery Manufacturing
4509307,16342,Electronic and Transportation Equipment Manufacturing
4511110,16343,Retail Trade
4523778,16346,"Finance, Insurance, and Real Estate"
4524214,16347,Metal and Machinery Manufacturing
4526016,16360,Food and Tobacco Manufacturing
4542509,16424,Metal and Machinery Manufacturing
4563192,16432,Metal and Machinery Manufacturing
4563195,16431,Food and Tobacco Manufacturing
4590308,16538,Mining
4592059,16544,Nonclassifiable Establishments
4592335,16571,Food and Tobacco Manufacturing
4610285,16581,"Finance, Insurance, and Real Estate"
4612025,16598,Metal and Machinery Manufacturing
4626456,16600,Food and Tobacco Manufacturing
4651680,16619,Food and Tobacco Manufacturing
4664350,16651,Metal and Machinery Manufacturing
4680496,16678,Retail Trade
4682174,16686,Wood and Paper Manufacturing
4716887,16692,Metal and Machinery Manufacturing
4718557,16707,Metal and Machinery Manufacturing
4734883,16723,Wood and Paper Manufacturing
4746118,16731,Metal and Machinery Manufacturing
4759592,16758,Electronic and Transportation Equipment Manufacturing
4773352,16803,Metal and Machinery Manufacturing
4788702,16816,Nonclassifiable Establishments
4790313,16851,Chemical and Allied Manufacturing
4791905,16870,Utilities
4791921,16926,Textile and Apparel Manufacturing
4822797,16969,Retail Trade
4835620,17005,Retail Trade
4860600,17013,Retail Trade
4870952,17048,Business Services
4881760,17056,Metal and Machinery Manufacturing
4891796,17064,Textile and Apparel Manufacturing
4900989,17099,Mining
4901005,17128,Wood and Paper Manufacturing
4927128,17137,Wood and Paper Manufacturing
4930180,17144,Food and Tobacco Manufacturing
4964928,17216,Food and Tobacco Manufacturing
4973882,17232,Wholesale Trade
4987429,17267,Food and Tobacco Manufacturing
5000910,17278,Wholesale Trade
5004798,17279,Food and Tobacco Manufacturing
5006562,17291,Retail Trade
5022121,17304,Retail Trade
5022134,17312,Wood and Paper Manufacturing
5037699,17307,"Finance, Insurance, and Real Estate"
5049132,17340,Transportation
5053841,17398,Mining
5063214,17419,"Finance, Insurance, and Real Estate"
5071775,17435,Wood and Paper Manufacturing
5087027,17451,Wood and Paper Manufacturing
5096495,17478,"Finance, Insurance, and Real Estate"
5122542,17486,Food and Tobacco Manufacturing
5131698,17515,Wood and Paper Manufacturing
5142544,17558,Retail Trade
5156154,17566,Metal and Machinery Manufacturing
5174865,17582,Metal and Machinery Manufacturing
5179209,17590,Chemical and Allied Manufacturing
5184514,17603,Metal and Machinery Manufacturing
5209250,17646,Metal and Machinery Manufacturing
5224733,17654,Electronic and Transportation Equipment Manufacturing
5235382,17676,"Finance, Insurance, and Real Estate"
5236809,17689,Metal and Machinery Manufacturing
5246506,17718,Metal and Machinery Manufacturing
5246511,17700,Business Services
5258702,17726,Metal and Machinery Manufacturing
5283502,17742,Electronic and Transportation Equipment Manufacturing
5283518,17743,"Finance, Insurance, and Real Estate"
5309691,17750,Wood and Paper Manufacturing
5334491,17783,Wholesale Trade
5335912,17806,Metal and Machinery Manufacturing
5356486,17830,Electronic and Transportation Equipment Manufacturing
5381310,17849,"Finance, Insurance, and Real Estate"
5394531,17881,Metal and Machinery Manufacturing
5403976,17929,Utilities
5428735,17942,Food and Tobacco Manufacturing
5430114,17953,"Finance, Insurance, and Real Estate"
5445351,17961,Electronic and Transportation Equipment Manufacturing
5469236,18016,Chemical and Allied Manufacturing
5490178,18032,Wood and Paper Manufacturing
5507863,18065,Electronic and Transportation Equipment Manufacturing
5507888,18067,Electronic and Transportation Equipment Manufacturing
5527482,18112,Construction
5527586,18091,Metal and Machinery Manufacturing
5552363,18092,Electronic and Transportation Equipment Manufacturing
5580867,18147,Metal and Machinery Manufacturing
5580879,18142,Electronic and Transportation Equipment Manufacturing
5582180,18143,Chemical and Allied Manufacturing
5601969,18163,Chemical and Allied Manufacturing
5619225,18171,Electronic and Transportation Equipment Manufacturing
5626699,18198,Health and Social Services
5656000,18278,Metal and Machinery Manufacturing
5656027,18315,Construction
5672804,18312,Nonclassifiable Establishments
5690240,18327,Nonclassifiable Establishments
5690929,18331,Metal and Machinery Manufacturing
5704320,18366,Metal and Machinery Manufacturing
5713314,18374,Electronic and Transportation Equipment Manufacturing
5731946,18382,Chemical and Allied Manufacturing
5731949,18390,Retail Trade
5764464,18403,Retail Trade
5769669,18411,Utilities
5812881,18420,Nonclassifiable Establishments
5814087,18421,Nonclassifiable Establishments
5815293,18428,Chemical and Allied Manufacturing
5816489,18446,Metal and Machinery Manufacturing
5833957,18454,Food and Tobacco Manufacturing
5842900,18542,Metal and Machinery Manufacturing
5865976,18550,Retail Trade
5867544,18551,"Finance, Insurance, and Real Estate"
5886262,18569,Metal and Machinery Manufacturing
5904966,18576,Transportation
5905170,18585,Wood and Paper Manufacturing
5906155,18578,Textile and Apparel Manufacturing
5920612,18592,Agricultural
5921766,18649,Transportation
5946360,18681,Electronic and Transportation Equipment Manufacturing
5965638,18729,Chemical and Allied Manufacturing
5965646,18724,Retail Trade
5991340,18825,Metal and Machinery Manufacturing
6003772,18841,Metal and Machinery Manufacturing
6003776,18868,Utilities
6020514,18884,Retail Trade
6034559,18921,Metal and Machinery Manufacturing
6053137,18948,Electronic and Transportation Equipment Manufacturing
6070857,18980,Wholesale Trade
6087628,18999,Metal and Machinery Manufacturing
6087636,19019,Metal and Machinery Manufacturing
6117868,19027,Chemical and Allied Manufacturing
6133042,19051,"Finance, Insurance, and Real Estate"
6151336,19107,Retail Trade
6165233,19131,Metal and Machinery Manufacturing
6181806,19166,Chemical and Allied Manufacturing
6206029,19174,Food and Tobacco Manufacturing
6223732,19203,Electronic and Transportation Equipment Manufacturing
6233637,19211,Wood and Paper Manufacturing
6243900,19254,Mining
6243905,19238,Metal and Machinery Manufacturing
6278377,19270,Textile and Apparel Manufacturing
6288162,19285,Metal and Machinery Manufacturing
6289104,19286,Electronic and Transportation Equipment Manufacturing
6290046,19297,Business Services
6303523,19334,Electronic and Transportation Equipment Manufacturing
6318411,19350,Metal and Machinery Manufacturing
6341985,19377,"Finance, Insurance, and Real Estate"
6359109,19385,Food and Tobacco Manufacturing
6369396,19393,Chemical and Allied Manufacturing
6392917,19414,Chemical and Allied Manufacturing
6392925,19430,Chemical and Allied Manufacturing
6419101,19502,Retail Trade
6442491,19510,Retail Trade
6452903,19537,Metal and Machinery Manufacturing
6468105,19553,Chemical and Allied Manufacturing
6485042,19561,Electronic and Transportation Equipment Manufacturing
6508264,19589,Retail Trade
6508465,19583,"Finance, Insurance, and Real Estate"
6514965,19596,Transportation
6536040,19617,Transportation
6547749,19625,Metal and Machinery Manufacturing
6555053,19668,Retail Trade
6563211,19684,Electronic and Transportation Equipment Manufacturing
6572474,19692,Electronic and Transportation Equipment Manufacturing
6590113,19713,"Finance, Insurance, and Real Estate"
6603159,19721,Business Services
6626135,19756,Food and Tobacco Manufacturing
6637036,19764,Metal and Machinery Manufacturing
6651545,19772,Wood and Paper Manufacturing
6659951,19828,Retail Trade
6659962,19807,Electronic and Transportation Equipment Manufacturing
6683621,19836,Retail Trade
6683623,19844,Chemical and Allied Manufacturing
6699355,19879,Wood and Paper Manufacturing
6710730,19887,Food and Tobacco Manufacturing
6710749,19895,Wholesale Trade
6741905,19916,Food and Tobacco Manufacturing
6758956,19932,Metal and Machinery Manufacturing
6767849,19940,Food and Tobacco Manufacturing
6767867,19959,Food and Tobacco Manufacturing
6785889,19967,Food and Tobacco Manufacturing
6793289,20001,Chemical and Allied Manufacturing
6802660,20036,Wood and Paper Manufacturing
6811081,20053,"Finance, Insurance, and Real Estate"
6822526,20057,Nonclassifiable Establishments
6823310,20079,Electronic and Transportation Equipment Manufacturing
6837842,20095,Retail Trade
6850838,20108,Wood and Paper Manufacturing
6856786,20124,"Finance, Insurance, and Real Estate"
6874258,20167,Metal and Machinery Manufacturing
6885808,20190,Nonclassifiable Establishments
6886576,20191,"Finance, Insurance, and Real Estate"
6887341,20204,Metal and Machinery Manufacturing
6887350,20220,Metal and Machinery Manufacturing
6907180,20239,Utilities
6909934,20263,Electronic and Transportation Equipment Manufacturing
6954315,20298,Mining
6962051,20343,Electronic and Transportation Equipment Manufacturing
6962064,20386,Wood and Paper Manufacturing
6962072,20407,Food and Tobacco Manufacturing
6988125,20394,Metal and Machinery Manufacturing
7016365,20415,"Finance, Insurance, and Real Estate"
7038884,20431,"Finance, Insurance, and Real Estate"
7047622,20474,Metal and Machinery Manufacturing
7047628,20482,Chemical and Allied Manufacturing
7083072,20503,Metal and Machinery Manufacturing
7090872,20511,Textile and Apparel Manufacturing
7098645,20554,Electronic and Transportation Equipment Manufacturing
7098648,20562,Electronic and Transportation Equipment Manufacturing
7103649,20570,Metal and Machinery Manufacturing
7132710,20626,Chemical and Allied Manufacturing
7153497,20650,Metal and Machinery Manufacturing
7159333,20677,Textile and Apparel Manufacturing
7172550,20714,Retail Trade
7184211,20730,Communications
7199489,20810,Mining
7205167,20853,Utilities
7221539,20896,Mining
7233489,20909,Metal and Machinery Manufacturing
7246246,21020,Transportation
7246266,20976,Transportation
7258898,20984,Transportation
7272750,20992,Chemical and Allied Manufacturing
7283064,21004,Communications
7320655,21055,Retail Trade
7334657,21151,Wood and Paper Manufacturing
7342538,21119,Metal and Machinery Manufacturing
7355253,21124,Chemical and Allied Manufacturing
7364772,21178,Electronic and Transportation Equipment Manufacturing
7386414,21186,Wood and Paper Manufacturing
7388135,21194,"Finance, Insurance, and Real Estate"
7402536,21207,Mining
7440428,21223,Transportation
7445923,21231,Utilities
7466145,21266,Wholesale Trade
7466153,21274,"Finance, Insurance, and Real Estate"
7487537,21282,Electronic and Transportation Equipment Manufacturing
7487557,21290,Electronic and Transportation Equipment Manufacturing
7518965,21303,Food and Tobacco Manufacturing
7530489,21338,Electronic and Transportation Equipment Manufacturing
7546487,21346,Retail Trade
7556552,21370,Utilities
7556567,21371,Wholesale Trade
7582386,21397,Wood and Paper Manufacturing
7582397,21418,Electronic and Transportation Equipment Manufacturing
7582400,21426,Electronic and Transportation Equipment Manufacturing
7582403,21434,Electronic and Transportation Equipment Manufacturing
7605253,21450,Chemical and Allied Manufacturing
7633335,21469,Transportation
7640558,21485,Transportation
7653133,21514,Utilities
7668276,21522,Electronic and Transportation Equipment Manufacturing
7680098,21530,Metal and Machinery Manufacturing
7688865,21549,Electronic and Transportation Equipment Manufacturing
7699252,21557,Metal and Machinery Manufacturing
7711159,21573,Wood and Paper Manufacturing
7736096,21645,Transportation
7742208,21688,Electronic and Transportation Equipment Manufacturing
7746722,21709,Mining
7757508,21768,Mining
7757511,21776,Utilities
7788660,21784,Electronic and Transportation Equipment Manufacturing
7793163,21792,Utilities
7813695,21821,Utilities
7828149,21872,Metal and Machinery Manufacturing
7841017,21901,Metal and Machinery Manufacturing
7841020,21928,Utilities
7846646,21936,Chemical and Allied Manufacturing
7887455,21979,Electronic and Transportation Equipment Manufacturing
7905052,22074,Retail Trade
7905083,21995,Transportation
7915799,22007,Metal and Machinery Manufacturing
7924955,22015,Food and Tobacco Manufacturing
7924962,22023,Metal and Machinery Manufacturing
7943983,22032,"Finance, Insurance, and Real Estate"
7952900,22066,Electronic and Transportation Equipment Manufacturing
7981096,22082,Utilities
7994645,22103,Metal and Machinery Manufacturing
7994651,22111,Electronic and Transportation Equipment Manufacturing
8035062,22138,Transportation
8046687,22170,Chemical and Allied Manufacturing
8046705,22189,Transportation
8067011,22218,Transportation
8077774,22242,Electronic and Transportation Equipment Manufacturing
8083350,22250,Textile and Apparel Manufacturing
8099610,22293,Metal and Machinery Manufacturing
8119616,22306,Electronic and Transportation Equipment Manufacturing
8125111,22330,Food and Tobacco Manufacturing
8131258,22365,Metal and Machinery Manufacturing
8136384,22381,Food and Tobacco Manufacturing
8141117,22402,Transportation
8147943,22410,"Finance, Insurance, and Real Estate"
8156946,22429,Food and Tobacco Manufacturing
8166011,22461,Transportation
8166023,22488,Electronic and Transportation Equipment Manufacturing
8184219,22496,Utilities
8198272,22509,Chemical and Allied Manufacturing
8218118,22517,Communications
8237976,22533,Metal and Machinery Manufacturing
8246595,22541,Utilities
8260839,22568,Electronic and Transportation Equipment Manufacturing
8271815,22592,Electronic and Transportation Equipment Manufacturing
8287719,22613,Utilities
8305570,22621,Wood and Paper Manufacturing
8315568,22623,Nonclassifiable Establishments
8315593,22648,Food and Tobacco Manufacturing
8325781,22680,Metal and Machinery Manufacturing
8325790,22699,Metal and Machinery Manufacturing
8341609,22728,Textile and Apparel Manufacturing
8362323,22752,Chemical and Allied Manufacturing
8362328,22753,Retail Trade
8385063,22760,Textile and Apparel Manufacturing
8389909,22779,Electronic and Transportation Equipment Manufacturing
8390359,22787,Chemical and Allied Manufacturing
8435652,22808,Metal and Machinery Manufacturing
8441290,22840,Retail Trade
8458626,22859,Utilities
8475257,22875,Textile and Apparel Manufacturing
8479365,22920,Food and Tobacco Manufacturing
8479381,22891,Retail Trade
8503408,22939,Retail Trade
8510371,22947,Utilities
8525558,23050,Chemical and Allied Manufacturing
8525559,22976,Nonclassifiable Establishments
8525992,23018,Electronic and Transportation Equipment Manufacturing
8533419,23026,Utilities
8562221,23077,Food and Tobacco Manufacturing
8579144,23085,Utilities
8597486,23114,Utilities
8614155,23130,Transportation
8622848,23165,Textile and Apparel Manufacturing
8626328,23173,Wood and Paper Manufacturing
8629247,23210,Utilities
8639248,23229,Utilities
8658775,23237,Transportation
8664888,23384,Metal and Machinery Manufacturing
8664907,23253,Electronic and Transportation Equipment Manufacturing
8676060,23288,Metal and Machinery Manufacturing
8686634,23296,Textile and Apparel Manufacturing
8686638,23309,Personal Services
8707237,23317,Mining
8707248,23318,Chemical and Allied Manufacturing
8726860,23325,Wood and Paper Manufacturing
8736425,23341,Chemical and Allied Manufacturing
8756455,23393,Chemical and Allied Manufacturing
8764395,23421,Textile and Apparel Manufacturing
8778730,23448,Utilities
8778736,23456,Electronic and Transportation Equipment Manufacturing
8793122,23464,Metal and Machinery Manufacturing
8801841,23473,"Finance, Insurance, and Real Estate"
8804681,23480,Chemical and Allied Manufacturing
8806085,23499,Utilities
8833374,23501,Utilities
8850722,23528,"Finance, Insurance, and Real Estate"
8856198,23536,Utilities
8875502,23552,Metal and Machinery Manufacturing
8890479,23569,"Finance, Insurance, and Real Estate"
8890743,23570,Nonclassifiable Establishments
8890942,23579,Electronic and Transportation Equipment Manufacturing
8890998,23587,Transportation
8917236,23683,Food and Tobacco Manufacturing
8917293,23616,"Finance, Insurance, and Real Estate"
8920973,23660,Textile and Apparel Manufacturing
8931147,23675,Transportation
8945373,23712,Utilities
8964572,23720,Utilities
8977715,23747,Metal and Machinery Manufacturing
8980136,23878,Mining
8980182,23800,Retail Trade
8980203,23819,Mining
9007422,23851,Utilities
9020558,23876,Chemical and Allied Manufacturing
9025534,23886,Metal and Machinery Manufacturing
9025542,23887,Utilities
9036372,23894,Metal and Machinery Manufacturing
9051524,23907,Retail Trade
9055432,23915,Wood and Paper Manufacturing
9071081,23931,Utilities
9090023,23942,Nonclassifiable Establishments
9090149,23944,Metal and Machinery Manufacturing
9090274,23990,Chemical and Allied Manufacturing
9104588,24002,Utilities
9118954,24010,Utilities
9137820,24037,Electronic and Transportation Equipment Manufacturing
9146090,24046,Communications
9149058,24053,Utilities
9171043,24061,Utilities
9175851,24088,"Finance, Insurance, and Real Estate"
9183347,24096,Utilities
9196096,24109,Utilities
9217112,24141,Utilities
9226119,24176,Business Services
9226121,24174,Retail Trade
9226185,24175,Food and Tobacco Manufacturing
9226186,24184,Utilities
9243927,24192,Utilities
9255268,24205,Utilities
9273938,24221,Utilities
9289603,24264,Metal and Machinery Manufacturing
9304128,24272,Wholesale Trade
9322730,24328,Mining
9341310,24336,Electronic and Transportation Equipment Manufacturing
9350220,24360,Utilities
9363412,24387,Electronic and Transportation Equipment Manufacturing
9368849,24459,Business Services
9387356,24504,"Finance, Insurance, and Real Estate"
9391808,24539,Food and Tobacco Manufacturing
9404579,24555,Food and Tobacco Manufacturing
9412601,24563,Utilities
9426908,24571,Chemical and Allied Manufacturing
9434926,24619,Electronic and Transportation Equipment Manufacturing
9442094,24627,"Finance, Insurance, and Real Estate"
9450081,24635,Metal and Machinery Manufacturing
9459536,24643,Metal and Machinery Manufacturing
9470075,24651,Electronic and Transportation Equipment Manufacturing
9484358,24678,Chemical and Allied Manufacturing
9496727,24707,Textile and Apparel Manufacturing
9504893,24715,Chemical and Allied Manufacturing
9515880,24766,Electronic and Transportation Equipment Manufacturing
9534040,24803,Retail Trade
9544391,24811,Metal and Machinery Manufacturing
9560188,24854,Metal and Machinery Manufacturing
9566659,24889,Chemical and Allied Manufacturing
9570508,24942,Electronic and Transportation Equipment Manufacturing
9586488,24985,Utilities
9605393,24993,Mining
9608202,25005,Chemical and Allied Manufacturing
9619176,25013,Chemical and Allied Manufacturing
9629451,25022,Communications
9640988,25056,Utilities
9652146,25072,Utilities
9665749,25081,"Finance, Insurance, and Real Estate"
9668843,25099,Utilities
9694267,25128,Chemical and Allied Manufacturing
9697186,25136,Communications
9698238,25144,Utilities
9709771,25160,Wood and Paper Manufacturing
9718985,25179,Mining
9720829,25187,Business Services
9725186,25195,Metal and Machinery Manufacturing
9730802,25216,Chemical and Allied Manufacturing
9738581,25232,Utilities
9756103,25267,Mining
9769029,25320,Food and Tobacco Manufacturing
9786411,25339,Food and Tobacco Manufacturing
9789190,25371,Wood and Paper Manufacturing
9799545,25419,Electronic and Transportation Equipment Manufacturing
9816913,25478,Mining
9816916,25487,"Finance, Insurance, and Real Estate"
9816919,25507,Metal and Machinery Manufacturing
9844805,25515,"Finance, Insurance, and Real Estate"
9849938,25574,Metal and Machinery Manufacturing
9857159,25582,Electronic and Transportation Equipment Manufacturing
9874394,25590,Utilities
9891621,25611,Communications
9899269,25646,Wholesale Trade
9909159,25662,Chemical and Allied Manufacturing
9915927,25670,Metal and Machinery Manufacturing
9917722,25689,Textile and Apparel Manufacturing
9924646,25697,Electronic and Transportation Equipment Manufacturing
9931255,25718,Metal and Machinery Manufacturing
9941643,25742,Food and Tobacco Manufacturing
9942903,25769,Mining
9955607,25778,Business Services
9964910,25785,Electronic and Transportation Equipment Manufacturing
9981981,25873,"Finance, Insurance, and Real Estate"
9989068,25902,Metal and Machinery Manufacturing
9995472,25910,Food and Tobacco Manufacturing
10005020,25953,Metal and Machinery Manufacturing
10021904,25988,Chemical and Allied Manufacturing
10029204,26075,Transportation
10040207,26112,Transportation
10052414,26120,Mining
10058913,26155,Electronic and Transportation Equipment Manufacturing
10063672,26286,Metal and Machinery Manufacturing
10071875,26294,Electronic and Transportation Equipment Manufacturing
10081002,26307,Metal and Machinery Manufacturing
10088537,26323,Business Services
10091022,26332,"Finance, Insurance, and Real Estate"
10095989,26366,Metal and Machinery Manufacturing
10100672,26382,Mining
10114163,26390,Chemical and Allied Manufacturing
10122156,26403,Communications
10138803,26438,Electronic and Transportation Equipment Manufacturing
10149861,26446,Wood and Paper Manufacturing
10153101,26462,"Finance, Insurance, and Real Estate"
10158334,26497,Transportation
10164527,26518,Electronic and Transportation Equipment Manufacturing
10177012,26534,Metal and Machinery Manufacturing
10183300,26542,Metal and Machinery Manufacturing
10183302,26550,"Finance, Insurance, and Real Estate"
10183311,26569,Metal and Machinery Manufacturing
10207744,26622,Electronic and Transportation Equipment Manufacturing
10215462,26649,"Finance, Insurance, and Real Estate"
10231839,26657,Retail Trade
10244927,26681,Chemical and Allied Manufacturing
10254200,26710,"Finance, Insurance, and Real Estate"
10270516,26729,Electronic and Transportation Equipment Manufacturing
10270518,26737,Communications
10290369,26788,Utilities
10296516,26825,Food and Tobacco Manufacturing
10312787,26884,Metal and Machinery Manufacturing
10322796,26921,Metal and Machinery Manufacturing
10329215,27000,"Finance, Insurance, and Real Estate"
10336913,27027,Wood and Paper Manufacturing
10344239,27043,Electronic and Transportation Equipment Manufacturing
10352502,27051,Electronic and Transportation Equipment Manufacturing
10369647,27086,Business Services
10377470,27087,Retail Trade
10380419,27115,"Finance, Insurance, and Real Estate"
10389841,27158,Food and Tobacco Manufacturing
10396181,27182,Electronic and Transportation Equipment Manufacturing
10396182,27174,Textile and Apparel Manufacturing
10408749,27190,Electronic and Transportation Equipment Manufacturing
10415213,27238,Metal and Machinery Manufacturing
10422307,27263,"Finance, Insurance, and Real Estate"
10428716,27297,"Finance, Insurance, and Real Estate"
10434541,27342,Metal and Machinery Manufacturing
10439819,27422,Mining
10455784,27430,Metal and Machinery Manufacturing
10471114,27465,Mining
10475132,27473,Electronic and Transportation Equipment Manufacturing
10482112,27510,Food and Tobacco Manufacturing
10487383,27537,Wood and Paper Manufacturing
10489134,27561,Transportation
10500578,27596,"Finance, Insurance, and Real Estate"
10509950,27617,"Finance, Insurance, and Real Estate"
10525881,27633,Business Services
10541809,27713,Electronic and Transportation Equipment Manufacturing
10553878,27748,Transportation
10558826,27749,Metal and Machinery Manufacturing
10568218,27756,Mining
10584379,27764,Metal and Machinery Manufacturing
10596102,27828,Metal and Machinery Manufacturing
10611906,27836,Textile and Apparel Manufacturing
10620771,27852,Chemical and Allied Manufacturing
10623723,27879,Chemical and Allied Manufacturing
10632518,27887,Electronic and Transportation Equipment Manufacturing
10648281,27916,Wood and Paper Manufacturing
10648286,27924,Wood and Paper Manufacturing
10657716,27940,"Finance, Insurance, and Real Estate"
10664767,27959,Utilities
10680492,27983,Metal and Machinery Manufacturing
10696218,27991,Utilities
10705927,28003,Metal and Machinery Manufacturing
10716574,28089,Metal and Machinery Manufacturing
10719761,28118,Electronic and Transportation Equipment Manufacturing
10735442,28134,Metal and Machinery Manufacturing
10741851,28169,Electronic and Transportation Equipment Manufacturing
10746275,28177,"Finance, Insurance, and Real Estate"
10751724,28222,Chemical and Allied Manufacturing
10767363,28265,"Finance, Insurance, and Real Estate"
10771901,28281,Retail Trade
10779115,28310,Chemical and Allied Manufacturing
10793958,28345,Mining
10802189,28353,Food and Tobacco Manufacturing
10819615,28388,"Finance, Insurance, and Real Estate"
10835200,28433,Metal and Machinery Manufacturing
10841477,28484,Chemical and Allied Manufacturing
10856983,28505,Chemical and Allied Manufacturing
10857323,28513,Metal and Machinery Manufacturing
10875209,28548,Communications
10881601,28580,Communications
10887126,28804,Transportation
10902606,28847,Transportation
10912702,28994,"Finance, Insurance, and Real Estate"
10914689,29102,Mining
10930169,29196,Utilities
10939006,29911,Wood and Paper Manufacturing
10943603,29946,Food and Tobacco Manufacturing
10959083,29962,"Finance, Insurance, and Real Estate"
10965667,30067,Electronic and Transportation Equipment Manufacturing
10970245,30330,Communications
10978706,30365,Food and Tobacco Manufacturing
10984372,30382,Retail Trade
10993093,30681,Business Services
11005964,30912,"Finance, Insurance, and Real Estate"
11013074,30940,Metal and Machinery Manufacturing
11025945,31536,Electronic and Transportation Equipment Manufacturing
11035014,31659,Transportation
11041743,31763,Chemical and Allied Manufacturing
11047306,32141,"Finance, Insurance, and Real Estate"
11052628,32205,Retail Trade
11061777,32379,Chemical and Allied Manufacturing
11072602,32475,Wood and Paper Manufacturing
11080659,32563,Metal and Machinery Manufacturing
11090086,32707,Mining
11105566,32791,Mining
11117842,32803,Chemical and Allied Manufacturing
11133911,32870,Food and Tobacco Manufacturing
11149391,32942,Electronic and Transportation Equipment Manufacturing
11164871,32986,Utilities
11174955,33056,"Finance, Insurance, and Real Estate"
11179910,33312,"Finance, Insurance, and Real Estate"
11189101,33785,Electronic and Transportation Equipment Manufacturing
11197616,33814,Mining
11206507,33873,Retail Trade
11211167,34024,Wood and Paper Manufacturing
11216482,34032,Metal and Machinery Manufacturing
11230248,34040,Metal and Machinery Manufacturing
11240567,34147,Electronic and Transportation Equipment Manufacturing
11248873,34550,Electronic and Transportation Equipment Manufacturing
11251877,34746,"Finance, Insurance, and Real Estate"
11264156,34817,Metal and Machinery Manufacturing
11279636,34833,Mining
11288942,34841,Transportation
11305119,35044,"Finance, Insurance, and Real Estate"
11307907,35051,Metal and Machinery Manufacturing
11331372,35166,Metal and Machinery Manufacturing
11337230,35211,Chemical and Allied Manufacturing
11337236,35238,Retail Trade
11360068,35554,"Finance, Insurance, and Real Estate"
11372939,36003,Business Services
11388419,36127,"Finance, Insurance, and Real Estate"
11395543,36397,"Finance, Insurance, and Real Estate"
11408414,36468,Chemical and Allied Manufacturing
11416551,36469,"Finance, Insurance, and Real Estate"
11432991,36505,Electronic and Transportation Equipment Manufacturing
11438824,36978,Wood and Paper Manufacturing
11447986,37065,Retail Trade
11454335,37102,Chemical and Allied Manufacturing
11462472,37161,Utilities
11476065,37284,Chemical and Allied Manufacturing
11490224,37584,"Finance, Insurance, and Real Estate"
11500374,38041,Metal and Machinery Manufacturing
11505542,38093,"Finance, Insurance, and Real Estate"
11515505,38156,Utilities
11530985,38280,Chemical and Allied Manufacturing
11535704,38324,Food and Tobacco Manufacturing
11540790,38404,Food and Tobacco Manufacturing
11541746,38455,Retail Trade
11546211,38551,Business Services
11553076,38578,Electronic and Transportation Equipment Manufacturing
11565571,38682,Wood and Paper Manufacturing
11580478,38703,"Finance, Insurance, and Real Estate"
11595847,38762,Utilities
11611209,38893,Utilities
11611241,38850,Wood and Paper Manufacturing
11626584,38885,Textile and Apparel Manufacturing
11641958,38914,Business Services
11653206,38930,"Finance, Insurance, and Real Estate"
11656017,38973,Food and Tobacco Manufacturing
11667830,39087,Communications
11680478,39140,Textile and Apparel Manufacturing
11687009,39263,Food and Tobacco Manufacturing
11687023,39271,Retail Trade
11698708,39300,Metal and Machinery Manufacturing
11705540,39335,Communications
11712515,39394,Transportation
11718412,39458,Retail Trade
11722295,39538,Electronic and Transportation Equipment Manufacturing
11722402,39490,Mining
11752701,39626,Metal and Machinery Manufacturing
11756852,39642,Electronic and Transportation Equipment Manufacturing
11772021,39669,Personal Services
11778649,39765,Wholesale Trade
11789814,39896,Mining
11794334,39917,Wood and Paper Manufacturing
11809454,39992,Chemical and Allied Manufacturing
11814130,40010,Chemical and Allied Manufacturing
11819593,40053,Retail Trade
11825732,40061,Electronic and Transportation Equipment Manufacturing
11836776,40125,Business Services
11851865,40141,Retail Trade
11857460,40221,Electronic and Transportation Equipment Manufacturing
11864368,40272,Chemical and Allied Manufacturing
11879430,40301,Wood and Paper Manufacturing
11885421,40352,Retail Trade
11892596,40416,Chemical and Allied Manufacturing
11906620,40432,Textile and Apparel Manufacturing
11908319,40483,Business Services
11908321,40484,Business Services
11921998,40539,Retail Trade
11937010,40635,Wood and Paper Manufacturing
11944732,40723,Wood and Paper Manufacturing
11949916,40758,Wood and Paper Manufacturing
11950932,40790,Metal and Machinery Manufacturing
11954990,40838,Retail Trade
11964310,40854,Communications
11969617,41080,Metal and Machinery Manufacturing
11976796,41081,"Finance, Insurance, and Real Estate"
11990348,41160,Wood and Paper Manufacturing
11993451,41179,Chemical and Allied Manufacturing
12002317,41355,Metal and Machinery Manufacturing
12017183,41427,Textile and Apparel Manufacturing
12024466,41443,Communications
12035250,41478,Metal and Machinery Manufacturing
12035262,41486,Wood and Paper Manufacturing
12045313,41515,Food and Tobacco Manufacturing
12050392,41523,Mining
12058720,41662,Retail Trade
12064208,41718,"Finance, Insurance, and Real Estate"
12072024,41785,Metal and Machinery Manufacturing
12074226,42075,Wood and Paper Manufacturing
12074230,41929,Transportation
12087015,41953,Chemical and Allied Manufacturing
12093118,42024,Wholesale Trade
12110900,42091,"Finance, Insurance, and Real Estate"
12110906,42083,Chemical and Allied Manufacturing
12124981,42104,Electronic and Transportation Equipment Manufacturing
12133770,42200,Electronic and Transportation Equipment Manufacturing
12148493,42235,Metal and Machinery Manufacturing
12151804,42323,Food and Tobacco Manufacturing
12153901,42462,Retail Trade
12159148,42526,Retail Trade
12163997,42534,Wood and Paper Manufacturing
12176810,42550,Chemical and Allied Manufacturing
12191462,42569,Metal and Machinery Manufacturing
12199498,42585,Food and Tobacco Manufacturing
12208672,42606,Metal and Machinery Manufacturing
12223276,42657,Mining
12226745,42753,Metal and Machinery Manufacturing
12232963,42796,Wood and Paper Manufacturing
12247055,42833,Utilities
12255593,42877,Transportation
12261842,42906,"Finance, Insurance, and Real Estate"
12278572,42999,Electronic and Transportation Equipment Manufacturing
12283711,43094,Wholesale Trade
12284368,43123,Metal and Machinery Manufacturing
12291153,43132,Metal and Machinery Manufacturing
12301706,43203,Textile and Apparel Manufacturing
12304887,43298,Business Services
12307529,43318,Transportation
12314082,43342,Electronic and Transportation Equipment Manufacturing
12320861,43350,Metal and Machinery Manufacturing
12335840,43449,Retail Trade
12350311,43502,Electronic and Transportation Equipment Manufacturing
12354018,43510,Electronic and Transportation Equipment Manufacturing
12358575,43553,Textile and Apparel Manufacturing
12373032,43609,Food and Tobacco Manufacturing
12373033,43610,Chemical and Allied Manufacturing
12380991,43633,Metal and Machinery Manufacturing
12381661,43772,Wood and Paper Manufacturing
12394935,43916,Metal and Machinery Manufacturing
12402884,44062,Textile and Apparel Manufacturing
12411617,44206,Utilities
12425929,44273,Textile and Apparel Manufacturing
12430359,44329,Electronic and Transportation Equipment Manufacturing
12444628,44505,Metal and Machinery Manufacturing
12448430,44601,Wood and Paper Manufacturing
12462659,44644,Business Services
12476884,44652,Retail Trade
12484937,44792,Business Services
12491412,44951,Retail Trade
12504276,45014,Personal Services
12509870,45065,Mining
12514719,45081,Food and Tobacco Manufacturing
12518402,45225,Chemical and Allied Manufacturing
12532544,45241,Chemical and Allied Manufacturing
12544293,45277,Electronic and Transportation Equipment Manufacturing
12552729,45356,Wholesale Trade
12566856,45428,Mining
12575409,45495,Mining
12588329,45604,Chemical and Allied Manufacturing
12593789,45620,Retail Trade
12596311,45663,Food and Tobacco Manufacturing
12598876,45671,Electronic and Transportation Equipment Manufacturing
12608459,45751,"Finance, Insurance, and Real Estate"
12622522,45794,Metal and Machinery Manufacturing
12633223,45911,Electronic and Transportation Equipment Manufacturing
12647269,45970,"Finance, Insurance, and Real Estate"
12654879,46201,Electronic and Transportation Equipment Manufacturing
12657181,46228,Mining
12665424,46252,Food and Tobacco Manufacturing
12668742,46288,Construction
12671609,46295,Electronic and Transportation Equipment Manufacturing
12684225,46391,Utilities
12688512,46447,Chemical and Allied Manufacturing
12692326,46544,Retail Trade
12696729,46578,Chemical and Allied Manufacturing
12710686,46594,"Finance, Insurance, and Real Estate"
12717962,46615,Electronic and Transportation Equipment Manufacturing
12723277,46658,"Finance, Insurance, and Real Estate"
12730014,46674,Wholesale Trade
12736422,46682,"Finance, Insurance, and Real Estate"
12747821,46703,"Finance, Insurance, and Real Estate"
12761764,46754,Health and Social Services
12767206,46850,"Finance, Insurance, and Real Estate"
12775336,46877,Electronic and Transportation Equipment Manufacturing
12787749,46886,Electronic and Transportation Equipment Manufacturing
12798647,46922,Retail Trade
12812513,47028,Health and Social Services
12819740,47052,Communications
12825885,47079,"Finance, Insurance, and Real Estate"
12833441,47159,"Finance, Insurance, and Real Estate"
12842366,47175,Wholesale Trade
12852451,47271,Wholesale Trade
12861112,47300,"Finance, Insurance, and Real Estate"
12867443,47386,"Finance, Insurance, and Real Estate"
12870899,47466,Wood and Paper Manufacturing
12884760,47482,Retail Trade
12885384,47490,Textile and Apparel Manufacturing
12894860,47562,Food and Tobacco Manufacturing
12897965,47626,"Finance, Insurance, and Real Estate"
12911812,47837,Chemical and Allied Manufacturing
12918481,47896,"Finance, Insurance, and Real Estate"
12932308,47941,Health and Social Services
12946132,47992,Health and Social Services
12953393,48071,"Finance, Insurance, and Real Estate"
12961417,48119,Mining
12963367,48223,"Finance, Insurance, and Real Estate"
12969099,48258,"Finance, Insurance, and Real Estate"
12973034,48274,Utilities
12973035,48267,Electronic and Transportation Equipment Manufacturing
12991601,48354,"Finance, Insurance, and Real Estate"
12999194,48397,"Finance, Insurance, and Real Estate"
13007346,48434,Electronic and Transportation Equipment Manufacturing
13010686,48485,"Finance, Insurance, and Real Estate"
13019981,48486,Metal and Machinery Manufacturing
13029976,48506,Business Services
13043735,48514,Wholesale Trade
13053677,48549,Mining
13057601,48565,Construction
13065402,48653,"Finance, Insurance, and Real Estate"
13079147,48725,Transportation
13092883,48960,Wood and Paper Manufacturing
13102192,49015,"Finance, Insurance, and Real Estate"
13115904,49154,Retail Trade
13129604,49373,Personal Services
13143279,49429,Retail Trade
13156944,49592,"Finance, Insurance, and Real Estate"
13156946,49606,Communications
13165786,49656,"Finance, Insurance, and Real Estate"
13179424,49680,Electronic and Transportation Equipment Manufacturing
13193058,49744,Wood and Paper Manufacturing
13206689,49955,Mining
13206993,49905,Retail Trade
13216128,49920,Retail Trade
13229360,50017,Mining
13232477,50024,"Finance, Insurance, and Real Estate"
13247598,50032,Retail Trade
13256765,50156,Business Services
13259734,50200,"Finance, Insurance, and Real Estate"
13267697,50227,Transportation
13277782,50403,Communications
13281243,50404,Communications
13290164,50534,Metal and Machinery Manufacturing
13292846,50681,"Finance, Insurance, and Real Estate"
13295675,50737,Metal and Machinery Manufacturing
13300146,50876,Chemical and Allied Manufacturing
13308322,50905,Wood and Paper Manufacturing
13308472,50906,Electronic and Transportation Equipment Manufacturing
13330932,50956,"Finance, Insurance, and Real Estate"
13337945,51027,"Finance, Insurance, and Real Estate"
13339882,51043,"Finance, Insurance, and Real Estate"
13349939,51263,Metal and Machinery Manufacturing
13362810,51369,Electronic and Transportation Equipment Manufacturing
13376227,51377,Electronic and Transportation Equipment Manufacturing
13386557,51561,Health and Social Services
13391185,51588,"Finance, Insurance, and Real Estate"
13398832,51596,Utilities
13408047,51625,Personal Services
13421430,51706,"Finance, Insurance, and Real Estate"
13431158,51772,"Finance, Insurance, and Real Estate"
13438419,51799,Food and Tobacco Manufacturing
13441024,51801,"Finance, Insurance, and Real Estate"
13444676,52038,Wholesale Trade
13458003,52062,Construction
13462124,52070,Electronic and Transportation Equipment Manufacturing
13465570,52090,Food and Tobacco Manufacturing
13478441,52230,Business Services
13491735,52329,Business Services
13505021,52337,Health and Social Services
13518306,52476,Business Services
13531582,52505,"Finance, Insurance, and Real Estate"
13537806,52564,Textile and Apparel Manufacturing
13541414,52695,Wholesale Trade
13548436,52708,Construction
13567906,52821,"Finance, Insurance, and Real Estate"
13574667,52919,"Finance, Insurance, and Real Estate"
13584116,52978,Electronic and Transportation Equipment Manufacturing
13597328,53065,Business Services
13610532,53081,"Finance, Insurance, and Real Estate"
13617048,53225,Business Services
13630236,53401,Health and Social Services
13636773,53479,"Finance, Insurance, and Real Estate"
13645584,53612,Wholesale Trade
13654904,53613,Electronic and Transportation Equipment Manufacturing
13664880,53786,Utilities
13671860,53831,Construction
13681360,53858,"Finance, Insurance, and Real Estate"
13687406,53866,Retail Trade
13698380,53903,"Finance, Insurance, and Real Estate"
13702966,53938,"Finance, Insurance, and Real Estate"
13710034,54009,Transportation
13715450,54148,Construction
13728537,54181,Electronic and Transportation Equipment Manufacturing
13738019,54447,Personal Services
13743158,54463,"Finance, Insurance, and Real Estate"
13750384,54615,"Finance, Insurance, and Real Estate"
13753045,54690,Personal Services
13761610,54754,Wood and Paper Manufacturing
13765764,54827,Electronic and Transportation Equipment Manufacturing
13776103,55079,Construction
13782163,55212,Metal and Machinery Manufacturing
13795127,55351,Retail Trade
13798997,55386,Metal and Machinery Manufacturing
13801401,55685,Mining
13803555,55976,Retail Trade
13816443,56012,Retail Trade
13817689,56098,Wood and Paper Manufacturing
13819185,56186,Health and Social Services
13822154,56223,Wood and Paper Manufacturing
13830823,56232,"Finance, Insurance, and Real Estate"
13841488,56266,"Finance, Insurance, and Real Estate"
13850540,56274,Food and Tobacco Manufacturing
13863411,56450,"Finance, Insurance, and Real Estate"
13869930,56485,Metal and Machinery Manufacturing
13873537,56573,Metal and Machinery Manufacturing
13886350,56805,"Finance, Insurance, and Real Estate"
13889988,56864,Food and Tobacco Manufacturing
13893724,57234,Electronic and Transportation Equipment Manufacturing
13897517,57250,"Finance, Insurance, and Real Estate"
13902821,57381,Utilities
13909286,57488,Chemical and Allied Manufacturing
13913087,57568,Metal and Machinery Manufacturing
13925958,57592,Metal and Machinery Manufacturing
13932736,57665,Metal and Machinery Manufacturing
13943597,57779,Utilities
13944813,57809,Metal and Machinery Manufacturing
13955918,57817,Retail Trade
13968789,57904,"Finance, Insurance, and Real Estate"
13981488,58085,Mining
13987131,58093,"Finance, Insurance, and Real Estate"
13990762,58094,"Finance, Insurance, and Real Estate"
13996882,58246,"Finance, Insurance, and Real Estate"
14009753,58296,Chemical and Allied Manufacturing
14015825,58318,Metal and Machinery Manufacturing
14028471,58413,"Finance, Insurance, and Real Estate"
14040718,58464,Metal and Machinery Manufacturing
14045925,58472,"Finance, Insurance, and Real Estate"
14054629,58480,Personal Services
14060698,58596,Chemical and Allied Manufacturing
14064984,58640,Electronic and Transportation Equipment Manufacturing
14073357,58659,Utilities
14075361,58683,Transportation
14088232,58819,Utilities
14101103,58827,"Finance, Insurance, and Real Estate"
14107621,58990,Wood and Paper Manufacturing
14116454,59010,Retail Trade
14128460,59176,"Finance, Insurance, and Real Estate"
14141331,59184,Food and Tobacco Manufacturing
14150398,59192,"Finance, Insurance, and Real Estate"
14161266,59205,Retail Trade
14165503,59221,"Finance, Insurance, and Real Estate"
14167849,59248,Food and Tobacco Manufacturing
14180093,59300,"Finance, Insurance, and Real Estate"
14191158,59328,Electronic and Transportation Equipment Manufacturing
14204029,59345,"Finance, Insurance, and Real Estate"
14210011,59379,"Finance, Insurance, and Real Estate"
14218728,59408,"Finance, Insurance, and Real Estate"
14231599,59416,Food and Tobacco Manufacturing
14234731,59467,Mining
14234738,59432,Transportation
14241142,59440,"Finance, Insurance, and Real Estate"
14250226,59459,"Finance, Insurance, and Real Estate"
14274416,59483,Transportation
14287192,59707,Metal and Machinery Manufacturing
14293683,59811,Business Services
14296541,59926,Health and Social Services
14303056,60046,Metal and Machinery Manufacturing
14308391,60097,Electronic and Transportation Equipment Manufacturing
14321262,60206,Retail Trade
14334133,60337,Metal and Machinery Manufacturing
14338155,60441,Health and Social Services
14341844,60442,"Finance, Insurance, and Real Estate"
14356535,60506,Electronic and Transportation Equipment Manufacturing
14369406,60572,Metal and Machinery Manufacturing
14371477,60599,Communications
14384348,60628,Transportation
14395877,60839,"Finance, Insurance, and Real Estate"
14400766,60871,Electronic and Transportation Equipment Manufacturing
14413637,60900,Metal and Machinery Manufacturing
14417453,60943,Wood and Paper Manufacturing
14430324,60986,Metal and Machinery Manufacturing
14443195,61065,Retail Trade
14450084,61241,Electronic and Transportation Equipment Manufacturing
14462955,61284,"Finance, Insurance, and Real Estate"
14469291,61399,Retail Trade
14482162,61516,Electronic and Transportation Equipment Manufacturing
14493216,61583,Wood and Paper Manufacturing
14500212,61621,Business Services
14510381,61663,Chemical and Allied Manufacturing
14517641,61735,"Finance, Insurance, and Real Estate"
14528629,61743,Wood and Paper Manufacturing
14541500,61794,Business Services
14542959,61815,Mining
14555015,61890,Utilities
14556669,61970,Food and Tobacco Manufacturing
14558742,62092,Electronic and Transportation Equipment Manufacturing
14571613,62148,Transportation
14582486,62164,Metal and Machinery Manufacturing
14587615,62252,"Finance, Insurance, and Real Estate"
14594191,62308,"Finance, Insurance, and Real Estate"
14607062,62324,Wood and Paper Manufacturing
14612941,62498,Chemical and Allied Manufacturing
14625812,62519,Transportation
14633337,62770,"Finance, Insurance, and Real Estate"
14641892,62834,Chemical and Allied Manufacturing
14648213,63060,Retail Trade
14656367,63096,Wholesale Trade
14658984,63108,Transportation
14666413,63255,Food and Tobacco Manufacturing
14667458,63467,"Finance, Insurance, and Real Estate"
14678283,63765,Mining
14691154,63802,Communications
14695307,63830,Metal and Machinery Manufacturing
14706185,63845,"Finance, Insurance, and Real Estate"
14712298,64020,Retail Trade
14724740,64064,Wholesale Trade
14727686,64186,"Finance, Insurance, and Real Estate"
14738199,64207,Business Services
14741009,64282,Retail Trade
14753843,64311,Transportation
14764309,64346,Metal and Machinery Manufacturing
14771045,64390,"Finance, Insurance, and Real Estate"
14783916,64451,"Finance, Insurance, and Real Estate"
14792701,64477,Utilities
14797229,64531,"Finance, Insurance, and Real Estate"
14803935,64565,"Finance, Insurance, and Real Estate"
14811331,64629,Metal and Machinery Manufacturing
14820673,64653,"Finance, Insurance, and Real Estate"
14831543,64856,Chemical and Allied Manufacturing
14836103,64936,Mining
14846332,64995,"Finance, Insurance, and Real Estate"
14859203,65066,Business Services
14864040,65138,"Finance, Insurance, and Real Estate"
14872002,65330,"Finance, Insurance, and Real Estate"
14881331,65402,Electronic and Transportation Equipment Manufacturing
14891476,65541,Electronic and Transportation Equipment Manufacturing
14901796,65568,Mining
14906670,65787,Wood and Paper Manufacturing
14912774,65816,Metal and Machinery Manufacturing
14917184,65859,Communications
14921138,65875,Communications
14931187,65883,Communications
14936958,65947,"Finance, Insurance, and Real Estate"
14948523,66018,Communications
14950850,66026,Communications
14955251,66069,Mining
14958205,66093,Communications
14968254,66114,Wood and Paper Manufacturing
14975327,66122,Communications
14979465,66157,"Finance, Insurance, and Real Estate"
14992336,66181,Retail Trade
15002994,66384,Metal and Machinery Manufacturing
15002997,66325,"Finance, Insurance, and Real Estate"
15025988,66800,"Finance, Insurance, and Real Estate"
15038859,67467,Retail Trade
15048569,67571,"Finance, Insurance, and Real Estate"
15052401,67598,"Finance, Insurance, and Real Estate"
15062130,68049,Retail Trade
15068267,68144,"Finance, Insurance, and Real Estate"
15076948,68304,"Finance, Insurance, and Real Estate"
15082645,68523,Business Services
15082663,68347,Metal and Machinery Manufacturing
15100060,68591,Electronic and Transportation Equipment Manufacturing
15110125,68857,Communications
15117796,69024,Business Services
15120059,69032,"Finance, Insurance, and Real Estate"
15129580,69550,Chemical and Allied Manufacturing
15141621,69607,Metal and Machinery Manufacturing
15146466,69649,"Finance, Insurance, and Real Estate"
15156674,69796,Food and Tobacco Manufacturing
15166117,70033,Electronic and Transportation Equipment Manufacturing
15175564,70092,Construction
15184993,70229,Business Services
15191063,70308,Wholesale Trade
15198479,70332,Mining
15206759,70376,Retail Trade
15213725,70500,Food and Tobacco Manufacturing
15221165,70519,"Finance, Insurance, and Real Estate"
15230532,70536,Chemical and Allied Manufacturing
15240694,70578,Chemical and Allied Manufacturing
15253565,71001,Metal and Machinery Manufacturing
15256851,71175,"Finance, Insurance, and Real Estate"
15266212,71298,Mining
15276018,71563,"Finance, Insurance, and Real Estate"
15288889,71686,"Finance, Insurance, and Real Estate"
15296936,71765,Transportation
15299512,71889,"Finance, Insurance, and Real Estate"
15303988,71984,Textile and Apparel Manufacturing
15307310,72726,"Finance, Insurance, and Real Estate"
15320181,73139,Electronic and Transportation Equipment Manufacturing
15331443,73940,Metal and Machinery Manufacturing
15338410,74617,Business Services
15343394,75030,Communications
15350021,75034,Metal and Machinery Manufacturing
15359266,75100,Retail Trade
15361351,75107,Electronic and Transportation Equipment Manufacturing
15376677,75154,"Finance, Insurance, and Real Estate"
15385859,75175,"Finance, Insurance, and Real Estate"
15395057,75181,Mining
15399731,75186,"Finance, Insurance, and Real Estate"
15408872,75224,Electronic and Transportation Equipment Manufacturing
15416514,75241,Mining
15422163,75257,Electronic and Transportation Equipment Manufacturing
15434014,75341,"Finance, Insurance, and Real Estate"
15434019,75333,Mining
15447076,75423,Mining
15449684,75489,Retail Trade
15456835,75510,Business Services
15466256,75573,Retail Trade
15475222,75577,Electronic and Transportation Equipment Manufacturing
15482214,75591,Metal and Machinery Manufacturing
15490926,75592,Wood and Paper Manufacturing
15497659,75607,Business Services
15506356,75625,Electronic and Transportation Equipment Manufacturing
15510581,75646,Chemical and Allied Manufacturing
15517041,75647,Chemical and Allied Manufacturing
15519550,75694,Chemical and Allied Manufacturing
15528340,75789,"Finance, Insurance, and Real Estate"
15533610,75819,"Finance, Insurance, and Real Estate"
15542247,75825,Mining
15550873,75828,Business Services
15559509,75857,Electronic and Transportation Equipment Manufacturing
15564015,75912,Business Services
15572595,76070,Metal and Machinery Manufacturing
15574669,76076,Electronic and Transportation Equipment Manufacturing
15583201,76082,Mining
15591739,76090,Health and Social Services
15596256,76095,Electronic and Transportation Equipment Manufacturing
15604780,76122,Mining
15607428,76129,Electronic and Transportation Equipment Manufacturing
15613999,76149,Retail Trade
15620239,76171,Health and Social Services
15624403,76185,Business Services
15632870,76201,Electronic and Transportation Equipment Manufacturing
15640851,76226,Communications
15649302,76230,Electronic and Transportation Equipment Manufacturing
15656556,76240,Mining
15662712,76282,Retail Trade
15671186,76285,"Finance, Insurance, and Real Estate"
15671518,76512,Transportation
15675862,76557,"Finance, Insurance, and Real Estate"
15679631,76563,Retail Trade
15682814,76565,Health and Social Services
15688601,76597,Food and Tobacco Manufacturing
15691060,76605,Retail Trade
15699310,76608,Food and Tobacco Manufacturing
15700351,76614,Chemical and Allied Manufacturing
15708601,76619,"Finance, Insurance, and Real Estate"
15714158,76624,Electronic and Transportation Equipment Manufacturing
15715517,76639,Business Services
15720392,76625,Chemical and Allied Manufacturing
15725553,76638,Textile and Apparel Manufacturing
15740421,76644,Metal and Machinery Manufacturing
15748646,76656,Chemical and Allied Manufacturing
15752707,76708,Health and Social Services
15760900,76709,Chemical and Allied Manufacturing
15769093,76712,Utilities
15777283,76744,Chemical and Allied Manufacturing
15785454,76754,Metal and Machinery Manufacturing
15787245,76757,"Finance, Insurance, and Real Estate"
15792118,76795,Metal and Machinery Manufacturing
15800273,76804,"Finance, Insurance, and Real Estate"
15808434,76841,Chemical and Allied Manufacturing
15816567,76887,Utilities
15820914,77037,Transportation
15829020,77063,Health and Social Services
15833098,77129,"Finance, Insurance, and Real Estate"
15841183,77150,Wholesale Trade
15844939,77173,Electronic and Transportation Equipment Manufacturing
15844988,77157,Metal and Machinery Manufacturing
15858900,77178,Electronic and Transportation Equipment Manufacturing
15866971,77182,Chemical and Allied Manufacturing
15875040,77274,Chemical and Allied Manufacturing
15883085,77281,Retail Trade
15889533,77284,Communications
15892948,77338,Electronic and Transportation Equipment Manufacturing
15900977,77357,Business Services
15908998,77418,Business Services
15915608,77462,Retail Trade
15923615,77481,Utilities
15928706,77496,Textile and Apparel Manufacturing
15936702,77546,Business Services
15940597,77605,Electronic and Transportation Equipment Manufacturing
15948560,77606,Retail Trade
15956523,77644,Electronic and Transportation Equipment Manufacturing
15958437,77649,Wholesale Trade
15966392,77659,Retail Trade
15974176,77661,Construction
15982127,77668,Health and Social Services
15988812,77702,Retail Trade
15996748,77730,Food and Tobacco Manufacturing
16009619,77768,Chemical and Allied Manufacturing
16016251,77976,Business Services
16020886,78034,Retail Trade
16028736,78083,Business Services
16031794,78139,Business Services
16037335,78263,"Finance, Insurance, and Real Estate"
16045297,78788,Personal Services
16046567,78840,Communications
16054361,78877,Mining
16061259,78916,Chemical and Allied Manufacturing
16068116,78927,"Finance, Insurance, and Real Estate"
16075900,78946,"Finance, Insurance, and Real Estate"
16076980,78968,"Finance, Insurance, and Real Estate"
16083205,78975,Business Services
16090962,78987,Electronic and Transportation Equipment Manufacturing
16098714,79041,Health and Social Services
16098838,79057,"Finance, Insurance, and Real Estate"
16106586,79089,Electronic and Transportation Equipment Manufacturing
16114324,79094,Electronic and Transportation Equipment Manufacturing
16122048,79129,"Finance, Insurance, and Real Estate"
16122086,79103,Retail Trade
16129902,79108,Electronic and Transportation Equipment Manufacturing
16137637,79119,Health and Social Services
16148036,79145,Transportation
16155761,79212,Mining
16160075,79250,Electronic and Transportation Equipment Manufacturing
16160240,79237,Mining
16174297,79265,Electronic and Transportation Equipment Manufacturing
16181322,79323,"Finance, Insurance, and Real Estate"
16189022,79411,Retail Trade
16194470,79452,"Finance, Insurance, and Real Estate"
16202136,79545,Electronic and Transportation Equipment Manufacturing
16209786,79547,"Finance, Insurance, and Real Estate"
16217437,79588,Food and Tobacco Manufacturing
16223090,79637,Health and Social Services
16233800,79678,Business Services
16241347,79698,Business Services
16248961,79718,Business Services
16252029,79764,Personal Services
16253193,79782,"Finance, Insurance, and Real Estate"
16260789,79785,Construction
16268371,79879,Electronic and Transportation Equipment Manufacturing
16275954,79881,Retail Trade
16283543,79906,Business Services
16291135,79915,Mining
16297493,79973,Metal and Machinery Manufacturing
16300983,80055,Business Services
16303896,80080,Chemical and Allied Manufacturing
16311447,80094,Communications
16312853,80100,"Finance, Insurance, and Real Estate"
16320418,80183,"Finance, Insurance, and Real Estate"
16327951,80191,Chemical and Allied Manufacturing
16335455,80204,Mining
16342974,80266,Electronic and Transportation Equipment Manufacturing
16348632,80286,Retail Trade
16356150,80303,Metal and Machinery Manufacturing
16362684,80320,Wholesale Trade
16370184,80411,Nonclassifiable Establishments
16370206,80381,"Finance, Insurance, and Real Estate"
16377710,80399,"Finance, Insurance, and Real Estate"
16385215,80406,"Finance, Insurance, and Real Estate"
16389540,80410,Mining
16392185,80470,Business Services
16394561,80506,Business Services
16395595,80515,Business Services
16400780,80539,Chemical and Allied Manufacturing
16408249,80563,Health and Social Services
16415701,80599,"Finance, Insurance, and Real Estate"
16419304,80678,"Finance, Insurance, and Real Estate"
16420666,80681,"Finance, Insurance, and Real Estate"
16428111,80694,Mining
16428841,80711,"Finance, Insurance, and Real Estate"
16436254,80913,Business Services
16440123,81045,"Finance, Insurance, and Real Estate"
16447475,81055,"Finance, Insurance, and Real Estate"
16454806,81061,Wholesale Trade
16462127,81126,Electronic and Transportation Equipment Manufacturing
16464986,81138,Health and Social Services
16470565,81193,Wood and Paper Manufacturing
16471919,81262,Health and Social Services
16474960,81285,Metal and Machinery Manufacturing
16478318,81481,Retail Trade
16485574,81540,Wholesale Trade
16492810,81593,"Finance, Insurance, and Real Estate"
16503096,81655,Retail Trade
16510294,81677,Electronic and Transportation Equipment Manufacturing
16517479,81696,Communications
16524661,81736,Electronic and Transportation Equipment Manufacturing
16531856,81774,Mining
16539011,81776,Electronic and Transportation Equipment Manufacturing
16544241,81857,Metal and Machinery Manufacturing
16549454,82196,Mining
16555729,82276,"Finance, Insurance, and Real Estate"
16562852,82298,Mining
16569029,82303,"Finance, Insurance, and Real Estate"
16576139,82307,Health and Social Services
16583229,82308,Mining
16584431,82309,Communications
16585091,82515,Wholesale Trade
16592193,82581,Wholesale Trade
16599280,82598,Metal and Machinery Manufacturing
16606355,82618,Metal and Machinery Manufacturing
16611517,82642,Chemical and Allied Manufacturing
16611604,82643,Metal and Machinery Manufacturing
16623890,82647,Chemical and Allied Manufacturing
16625003,82651,Electronic and Transportation Equipment Manufacturing
16632080,82686,Business Services
16638829,82705,Wholesale Trade
16643852,82775,"Finance, Insurance, and Real Estate"
16650907,82776,Electronic and Transportation Equipment Manufacturing
16651456,82959,Wood and Paper Manufacturing
16658840,83111,Chemical and Allied Manufacturing
16665232,83143,Transportation
16672258,83332,Electronic and Transportation Equipment Manufacturing
16674942,83413,Business Services
16679684,83421,Food and Tobacco Manufacturing
16685619,83435,Business Services
16690951,83440,"Finance, Insurance, and Real Estate"
16692106,83443,"Finance, Insurance, and Real Estate"
16699064,83462,Metal and Machinery Manufacturing
16706007,83583,"Finance, Insurance, and Real Estate"
16708154,83596,Business Services
16711228,83597,Business Services
16718151,83601,Metal and Machinery Manufacturing
16731022,83621,Business Services
16737951,83630,Business Services
16743968,83693,Business Services
16746382,83699,Metal and Machinery Manufacturing
16750558,83862,"Finance, Insurance, and Real Estate"
16756631,83906,Utilities
16763515,83976,Retail Trade
16770376,83981,Utilities
16772694,83988,Chemical and Allied Manufacturing
16773072,84001,Communications
16775713,84020,Business Services
16779062,84032,Metal and Machinery Manufacturing
16785900,84036,Business Services
16788533,84129,"Finance, Insurance, and Real Estate"
16801404,84176,Wood and Paper Manufacturing
16808230,84262,Metal and Machinery Manufacturing
16815050,84342,Business Services
16820054,84372,Metal and Machinery Manufacturing
16826848,84373,Health and Social Services
16833634,84375,Electronic and Transportation Equipment Manufacturing
16840161,84381,Electronic and Transportation Equipment Manufacturing
16846966,84519,Electronic and Transportation Equipment Manufacturing
16853734,84761,Business Services
16860457,84767,"Finance, Insurance, and Real Estate"
16867152,84769,Electronic and Transportation Equipment Manufacturing
16873850,84788,Business Services
16880551,85032,Communications
16884017,85035,Electronic and Transportation Equipment Manufacturing
16890706,85058,"Finance, Insurance, and Real Estate"
16897384,85072,Textile and Apparel Manufacturing
16904066,85073,"Finance, Insurance, and Real Estate"
16906155,85238,"Finance, Insurance, and Real Estate"
16908569,85257,Electronic and Transportation Equipment Manufacturing
16915211,85265,"Finance, Insurance, and Real Estate"
16921848,85269,Chemical and Allied Manufacturing
16928488,85271,"Finance, Insurance, and Real Estate"
16933356,85348,Retail Trade
16939957,85459,Transportation
16946552,85516,Electronic and Transportation Equipment Manufacturing
16950531,85522,Electronic and Transportation Equipment Manufacturing
16955354,85592,"Finance, Insurance, and Real Estate"
16961922,85593,"Finance, Insurance, and Real Estate"
16968490,85599,"Finance, Insurance, and Real Estate"
16969384,85621,Electronic and Transportation Equipment Manufacturing
16975957,85631,Business Services
16985661,85663,Business Services
16992211,85675,Health and Social Services
16997458,85753,Business Services
17003980,85792,Construction
17010493,85869,Mining
17014409,85908,Chemical and Allied Manufacturing
17020312,85913,Personal Services
17026794,85914,Electronic and Transportation Equipment Manufacturing
17036548,85926,Wood and Paper Manufacturing
17043023,85963,Electronic and Transportation Equipment Manufacturing
17047499,85991,Communications
17052429,86021,Electronic and Transportation Equipment Manufacturing
17057742,86041,Business Services
17058348,86102,"Finance, Insurance, and Real Estate"
17064798,86111,"Finance, Insurance, and Real Estate"
17071233,86136,Utilities
17077652,86158,Business Services
17084077,86176,Chemical and Allied Manufacturing
17087267,86228,Utilities
17093684,86239,Metal and Machinery Manufacturing
17108050,86288,"Finance, Insurance, and Real Estate"
17114467,86305,Health and Social Services
17119537,86314,"Finance, Insurance, and Real Estate"
17124587,86326,Communications
17125456,86339,"Finance, Insurance, and Real Estate"
17131840,86356,Business Services
17138198,86414,Communications
17139557,86496,Electronic and Transportation Equipment Manufacturing
17142650,86580,Electronic and Transportation Equipment Manufacturing
17148926,86591,Electronic and Transportation Equipment Manufacturing
17150606,86725,Chemical and Allied Manufacturing
17154364,86756,Food and Tobacco Manufacturing
17157109,86783,Business Services
17163339,86799,Mining
17169547,86845,"Finance, Insurance, and Real Estate"
17175459,86868,"Finance, Insurance, and Real Estate"
17181665,86946,Food and Tobacco Manufacturing
17186222,86964,Business Services
17192406,86976,"Finance, Insurance, and Real Estate"
17196629,86979,Metal and Machinery Manufacturing
17202798,86996,Communications
17208974,87029,Mining
17209739,87055,Retail Trade
17219338,87070,"Finance, Insurance, and Real Estate"
17223442,87127,Mining
17227110,87137,Mining
17233242,87184,Business Services
17238250,87267,"Finance, Insurance, and Real Estate"
17244351,87292,Wood and Paper Manufacturing
17247126,87299,Business Services
17253207,87432,Electronic and Transportation Equipment Manufacturing
17259274,87445,Business Services
17265334,87447,Transportation
17271407,87536,"Finance, Insurance, and Real Estate"
17272475,87541,Wood and Paper Manufacturing
17278494,87657,Electronic and Transportation Equipment Manufacturing
17284468,87717,Transportation
17294363,87800,Metal and Machinery Manufacturing
17296961,87842,"Finance, Insurance, and Real Estate"
17302933,88031,Food and Tobacco Manufacturing
17312526,88182,Electronic and Transportation Equipment Manufacturing
17318482,88281,Business Services
17324399,88319,Electronic and Transportation Equipment Manufacturing
17324735,88313,"Finance, Insurance, and Real Estate"
17334569,88352,Electronic and Transportation Equipment Manufacturing
17340494,88388,Communications
17341000,88436,Chemical and Allied Manufacturing
17346563,88446,Electronic and Transportation Equipment Manufacturing
17352456,88587,Electronic and Transportation Equipment Manufacturing
17354232,88590,Health and Social Services
17358847,88601,Utilities
17359546,88661,Metal and Machinery Manufacturing
17365391,88664,Business Services
17374995,88668,Chemical and Allied Manufacturing
17379430,88837,"Finance, Insurance, and Real Estate"
17385230,88845,"Finance, Insurance, and Real Estate"
17389747,88853,Construction
17395537,88860,Electronic and Transportation Equipment Manufacturing
17401305,88873,Business Services
17407069,88991,Mining
17410814,89001,Communications
17411643,89002,Business Services
17417319,89003,Business Services
17422975,89004,Metal and Machinery Manufacturing
17426896,89006,Food and Tobacco Manufacturing
17432569,89014,Electronic and Transportation Equipment Manufacturing
17436948,89017,Business Services
17442622,89031,Metal and Machinery Manufacturing
17448299,89070,Electronic and Transportation Equipment Manufacturing
17453934,89071,Business Services
17459582,89105,Metal and Machinery Manufacturing
17463526,89138,Food and Tobacco Manufacturing
17469164,89179,"Finance, Insurance, and Real Estate"
17474744,89195,"Finance, Insurance, and Real Estate"
17480329,89216,Electronic and Transportation Equipment Manufacturing
17485898,89217,Retail Trade
17491457,89258,"Finance, Insurance, and Real Estate"
17497006,89269,"Finance, Insurance, and Real Estate"
17502555,89301,Retail Trade
17508063,89392,Health and Social Services
17511840,89393,Business Services
17517279,89463,"Finance, Insurance, and Real Estate"
17519128,89495,"Finance, Insurance, and Real Estate"
17519535,89508,Retail Trade
17524884,89509,Mining
17529668,89525,Communications
17534982,89533,Health and Social Services
17540313,89565,Communications
17543602,89617,Communications
17548888,89626,"Finance, Insurance, and Real Estate"
17554190,89641,Metal and Machinery Manufacturing
17559489,89757,Retail Trade
17563361,89781,Health and Social Services
17568521,89813,Retail Trade
17570691,89866,Wholesale Trade
17575786,89954,Communications
17578702,90038,"Finance, Insurance, and Real Estate"
17583712,90071,Utilities
17588688,90090,"Finance, Insurance, and Real Estate"
17593463,90110,Chemical and Allied Manufacturing
17596318,90162,"Finance, Insurance, and Real Estate"
17601252,90199,"Finance, Insurance, and Real Estate"
17606175,90215,Business Services
17611090,90248,Retail Trade
17615992,90272,"Finance, Insurance, and Real Estate"
17619910,90305,Transportation
17624790,90319,Business Services
17629665,90352,Utilities
17634238,90373,"Finance, Insurance, and Real Estate"
17639063,90386,Chemical and Allied Manufacturing
17643892,90435,Electronic and Transportation Equipment Manufacturing
17644396,90441,Wood and Paper Manufacturing
17648006,90442,Wood and Paper Manufacturing
17651616,90454,"Finance, Insurance, and Real Estate"
17656436,90455,Electronic and Transportation Equipment Manufacturing
17661246,90505,Personal Services
17666039,90520,Chemical and Allied Manufacturing
17670807,90537,Mining
17679592,90547,Mining
17682213,90609,Business Services
17682214,90601,"Finance, Insurance, and Real Estate"
17693594,90664,Electronic and Transportation Equipment Manufacturing
17698305,90720,Wood and Paper Manufacturing
17702968,90721,Textile and Apparel Manufacturing
17708065,90805,Communications
17712275,90808,Communications
17716905,90829,Chemical and Allied Manufacturing
17721533,90880,"Finance, Insurance, and Real Estate"
17726125,90979,Textile and Apparel Manufacturing
17730683,90993,"Finance, Insurance, and Real Estate"
17735243,91041,Business Services
17739778,91063,Communications
17743283,91068,Retail Trade
17747796,91103,Transportation
17752304,91143,"Finance, Insurance, and Real Estate"
17754240,91152,Electronic and Transportation Equipment Manufacturing
17758720,91207,Personal Services
17761353,91218,Communications
17762138,91233,Business Services
17766568,91380,Metal and Machinery Manufacturing
17771744,91388,"Finance, Insurance, and Real Estate"
17771916,91391,Communications
17775095,91392,Personal Services
17779479,91416,Textile and Apparel Manufacturing
17783838,91461,"Finance, Insurance, and Real Estate"
17788179,91547,Public Administration
17792511,91556,Retail Trade
17802187,91611,Electronic and Transportation Equipment Manufacturing
17806494,91650,Utilities
17809049,91668,Electronic and Transportation Equipment Manufacturing
17813339,91849,Business Services
17817556,91883,Communications
17819877,91926,Transportation
17824072,91937,Communications
17828277,92050,Electronic and Transportation Equipment Manufacturing
17832464,92108,"Finance, Insurance, and Real Estate"
17836624,92121,"Finance, Insurance, and Real Estate"
17840778,92156,Electronic and Transportation Equipment Manufacturing
17842684,92157,Wholesale Trade
17846838,92203,Retail Trade
17850973,92239,Mining
17854361,92293,Metal and Machinery Manufacturing
17858452,92322,Retail Trade
17862525,92402,Business Services
17866583,92602,Food and Tobacco Manufacturing
17870550,92611,Business Services
17874524,92614,Utilities
17878474,92618,Food and Tobacco Manufacturing
17881035,92655,"Finance, Insurance, and Real Estate"
17890915,92709,Communications
17893352,92772,Nonclassifiable Establishments
17895878,92778,Communications
17899292,92890,Food and Tobacco Manufacturing
17901392,92988,Electronic and Transportation Equipment Manufacturing
17902785,93002,Nonclassifiable Establishments
17906410,93089,Nonclassifiable Establishments
17909992,93096,Retail Trade
17913547,93132,Nonclassifiable Establishments
17917099,93159,Mining
17919172,93246,Electronic and Transportation Equipment Manufacturing
17922667,93422,Mining
17925362,93429,Business Services
17928772,93436,Nonclassifiable Establishments
